Label,LabelPrefix,ContactOrder,Electrode,FSLabel,mni_x,mni_y,mni_z
LA1,LA,1,1,Right-Amygdala,-18.4,-36.7,-29.0
LA2,LA,2,2,Right-Amygdala,25.1,33.0,6.4
LA3,LA,3,3,Right-Amygdala,18.4,3.5,26.1
LA4,LA,4,4,Right-Amygdala,25.3,-39.8,21.4
LA5,LA,5,5,Right-Amygdala,-37.3,18.4,-19.5
LA6,LA,6,6,Right-Amygdala,29.1,3.3,-12.0
LA7,LA,7,7,Right-Amygdala,-6.2,-37.7,-22.5
LA8,LA,8,8,Right-Amygdala,13.6,11.8,6.9
LA9,LA,9,9,Right-Amygdala,-9.3,39.8,28.9
LA10,LA,10,10,Right-Amygdala,14.8,12.0,11.3
LH1,LH,1,11,Left-Hippocampus,-8.9,-29.2,13.3
LH2,LH,2,12,Left-Hippocampus,2.0,-15.2,-0.8
LH3,LH,3,13,Left-Hippocampus,31.2,34.7,-8.5
LH4,LH,4,14,Left-Hippocampus,5.7,-14.3,5.7
LH5,LH,5,15,Left-Hippocampus,-13.0,-8.7,23.4
LH6,LH,6,16,Left-Hippocampus,-21.8,9.9,-25.0
LH7,LH,7,17,Left-Hippocampus,26.6,23.0,-15.6
LH8,LH,8,18,Left-Hippocampus,30.1,-35.3,-9.8
LH9,LH,9,19,Left-Hippocampus,-28.0,-4.0,17.8
LF1,LF,1,20,ctx_lh_G_front_middle,-35.8,-7.6,-18.1
LF2,LF,2,21,ctx_lh_G_front_middle,-32.7,6.4,-12.1
LF3,LF,3,22,ctx_lh_G_front_middle,13.8,-24.0,26.5
LF4,LF,4,23,ctx_lh_G_front_middle,-10.8,-31.6,7.7
LF5,LF,5,24,ctx_lh_G_front_middle,34.2,-4.8,27.3
LF6,LF,6,25,ctx_lh_G_front_middle,-0.0,-6.0,7.2
LF7,LF,7,26,ctx_lh_G_front_middle,39.6,35.9,-2.4
LF8,LF,8,27,ctx_lh_G_front_middle,20.6,-0.2,1.8
LF9,LF,9,28,ctx_lh_G_front_middle,22.9,-6.8,14.1
LO1,LO,1,29,ctx_rh_G_orbital,16.9,34.6,-23.1
LO2,LO,2,30,ctx_rh_G_orbital,18.3,34.2,28.1
LO3,LO,3,31,ctx_rh_G_orbital,-38.8,29.1,28.9
LO4,LO,4,32,ctx_rh_G_orbital,36.6,-28.1,28.4
LO5,LO,5,33,ctx_rh_G_orbital,31.2,25.8,-1.2
LO6,LO,6,34,ctx_rh_G_orbital,-21.4,24.2,25.4
LO7,LO,7,35,ctx_rh_G_orbital,-18.7,3.1,-3.4
LI1,LI,1,36,Left-Insula,-36.8,18.6,6.9
LI2,LI,2,37,Left-Insula,-37.7,17.5,-29.0
LI3,LI,3,38,Left-Insula,20.6,1.0,25.7
LI4,LI,4,39,Left-Insula,-34.7,27.3,-26.0
LI5,LI,5,40,Left-Insula,-12.5,-5.6,28.0
LI6,LI,6,41,Left-Insula,5.0,-19.3,-15.5
