trial_number,phase,ns3_onset_s,matched
6,fixation,1041.5979,True
6,bet_onset,1042.5983,True
6,bet_submitted,1045.4572,True
6,color_submitted,1045.2873,True
6,feedback,1048.5978,True
7,fixation,1052.7877,True
7,bet_onset,1053.7865,True
7,bet_submitted,1055.3628,True
7,color_submitted,1057.0203,True
7,feedback,1059.7869,True
8,fixation,1064.6464,True
8,bet_onset,1065.6456,True
8,bet_submitted,1068.3034,True
8,color_submitted,1069.4667,True
8,feedback,1071.6468,True
9,fixation,1073.7108,True
9,bet_onset,1074.7098,True
9,bet_submitted,1075.9984,True
9,color_submitted,1077.4844,True
9,feedback,1080.7089,True
10,fixation,1084.9883,True
10,bet_onset,1085.9897,True
10,bet_submitted,1088.8053,True
10,color_submitted,1089.6143,True
10,feedback,1091.9903,True
11,fixation,1096.1548,True
11,bet_onset,1097.1528,True
11,bet_submitted,1099.33,True
11,color_submitted,1100.7261,True
11,feedback,1103.1549,True
12,fixation,1103.1571,True
12,bet_onset,1104.1578,True
12,bet_submitted,1106.1025,True
12,color_submitted,1106.9484,True
12,feedback,1110.1574,True
13,fixation,1112.3118,True
13,bet_onset,1113.3132,True
13,bet_submitted,1116.2677,True
13,color_submitted,1116.6681,True
13,feedback,1119.314,True
14,fixation,1118.3506,True
14,bet_onset,1119.3501,True
14,bet_submitted,1120.6506,True
14,color_submitted,1122.1331,True
14,feedback,1125.3525,True
15,fixation,1128.3868,True
15,bet_onset,1129.3875,True
15,bet_submitted,1131.3934,True
15,color_submitted,1133.3305,True
15,feedback,1135.3881,True
16,fixation,1134.8195,True
16,bet_onset,1135.8208,True
16,bet_submitted,1137.2899,True
16,color_submitted,1138.4151,True
16,feedback,1141.819,True
17,fixation,1145.1742,True
17,bet_onset,1146.1763,True
17,bet_submitted,1148.8588,True
17,color_submitted,1149.3836,True
17,feedback,1152.1751,True
18,fixation,1156.6503,True
18,bet_onset,1157.6523,True
18,bet_submitted,1158.3338,True
18,color_submitted,1160.2568,True
18,feedback,1163.6513,True
19,fixation,1167.8639,True
19,bet_onset,1168.8632,True
19,bet_submitted,1169.7721,True
19,color_submitted,1172.3754,True
19,feedback,1174.863,True
20,fixation,1175.7726,True
20,bet_onset,1176.7705,True
20,bet_submitted,1179.2464,True
20,color_submitted,1179.412,True
20,feedback,1182.7707,True
21,fixation,1185.2457,True
21,bet_onset,1186.245,True
21,bet_submitted,1187.966,True
21,color_submitted,1190.2265,True
21,feedback,1192.2434,True
22,fixation,1192.3431,True
22,bet_onset,1193.3418,True
22,bet_submitted,1195.8746,True
22,color_submitted,1196.7468,True
22,feedback,1199.3453,True
23,fixation,1202.2733,True
23,bet_onset,1203.2738,True
23,bet_submitted,1205.8612,True
23,color_submitted,1206.3468,True
23,feedback,1209.2717,True
24,fixation,1210.2266,True
24,bet_onset,1211.2273,True
24,bet_submitted,1212.783,True
24,color_submitted,1215.0428,True
24,feedback,1217.2263,True
25,fixation,1216.7477,True
25,bet_onset,1217.7472,True
25,bet_submitted,1220.2426,True
25,color_submitted,1220.7298,True
25,feedback,1223.7485,True
26,fixation,1227.5286,True
26,bet_onset,1228.5288,True
26,bet_submitted,1230.3811,True
26,color_submitted,1231.1969,True
26,feedback,1234.5279,True
27,fixation,1235.9683,True
27,bet_onset,1236.9673,True
27,bet_submitted,1239.599,True
27,color_submitted,1239.6752,True
27,feedback,1242.9687,True
28,fixation,1246.1926,True
28,bet_onset,1247.1906,True
28,bet_submitted,1248.752,True
28,color_submitted,1251.1622,True
28,feedback,1253.1924,True
29,fixation,1258.0365,True
29,bet_onset,1259.0369,True
29,bet_submitted,1261.8217,True
29,color_submitted,1262.2502,True
29,feedback,1265.0372,True
30,fixation,1269.2179,True
30,bet_onset,1270.2175,True
30,bet_submitted,1272.1453,True
30,color_submitted,1272.8584,True
30,feedback,1276.2174,True
31,fixation,1277.5664,True
31,bet_onset,1278.5647,True
31,bet_submitted,1280.1381,True
31,color_submitted,1281.7007,True
31,feedback,1284.5669,True
32,fixation,1287.0854,True
32,bet_onset,1288.0835,True
32,bet_submitted,1290.6435,True
32,color_submitted,1291.9314,True
32,feedback,1294.0845,True
33,fixation,1296.585,True
33,bet_onset,1297.5836,True
33,bet_submitted,1299.5077,True
33,color_submitted,1301.3223,True
33,feedback,1303.5833,True
34,fixation,1305.7776,True
34,bet_onset,1306.7764,True
34,bet_submitted,1307.7058,True
34,color_submitted,1309.8674,True
34,feedback,1312.7753,True
35,fixation,1316.2952,True
35,bet_onset,1317.2971,True
35,bet_submitted,1318.1139,True
35,color_submitted,1320.8862,True
35,feedback,1323.295,True
36,fixation,1323.9763,True
36,bet_onset,1324.9758,True
36,bet_submitted,1326.6871,True
36,color_submitted,1328.8243,True
36,feedback,1330.9748,True
37,fixation,1330.4909,True
37,bet_onset,1331.4934,True
37,bet_submitted,1332.4313,True
37,color_submitted,1335.0041,True
37,feedback,1337.492,True
38,fixation,1338.6694,True
38,bet_onset,1339.6678,True
38,bet_submitted,1341.449,True
38,color_submitted,1342.2063,True
38,feedback,1345.6692,True
39,fixation,1345.6499,True
39,bet_onset,1346.6484,True
39,bet_submitted,1348.5424,True
39,color_submitted,1349.4833,True
39,feedback,1352.6495,True
40,fixation,1354.9965,True
40,bet_onset,1355.9952,True
40,bet_submitted,1358.1091,True
40,color_submitted,1359.4119,True
40,feedback,1361.9976,True
41,fixation,1361.4393,True
41,bet_onset,1362.4377,True
41,bet_submitted,1363.9237,True
41,color_submitted,1366.427,True
41,feedback,1368.4378,True
42,fixation,1372.9797,True
42,bet_onset,1373.9823,True
42,bet_submitted,1374.8225,True
42,color_submitted,1376.9465,True
42,feedback,1379.9807,True
43,fixation,1383.2761,True
43,bet_onset,1384.2765,True
43,bet_submitted,1385.3732,True
43,color_submitted,1388.0084,True
43,feedback,1390.2759,True
44,fixation,1392.7863,True
44,bet_onset,1393.7857,True
44,bet_submitted,1394.3306,True
44,color_submitted,1397.1573,True
44,feedback,1399.7851,True
45,fixation,1399.9327,True
45,bet_onset,1400.931,True
45,bet_submitted,1402.5635,True
45,color_submitted,1404.0258,True
45,feedback,1406.9335,True
