participant_id,phase,experimental_trial,predetermined_outcome,color_choice,wheel_outcome,correct,streak_type,streak_length,prior_outcome,bet,t_fixation,t_bet_onset,t_bet_response,t_color_onset,t_color_response,t_spin_start,t_feedback
DEMO,practice,,,black,red,False,none,0,,8,1000.0,1001.0,1001.811,1003.0,1003.932,1005.0,1007.0
DEMO,practice,,,black,black,True,none,0,,1,1008.344,1009.344,1010.566,1011.344,1012.464,1013.344,1015.344
DEMO,practice,,,black,black,True,none,0,,4,1017.617,1018.617,1020.04,1020.617,1021.946,1022.617,1024.617
DEMO,practice,,,red,black,False,none,0,,8,1025.993,1026.993,1029.768,1028.993,1029.557,1030.993,1032.993
DEMO,practice,,,red,black,True,none,0,,2,1035.283,1036.283,1036.808,1038.283,1039.331,1040.283,1042.283
DEMO,experimental,1.0,W,black,red,True,W1,1,W,8,1041.598,1042.598,1045.458,1044.598,1045.288,1046.598,1048.598
DEMO,experimental,2.0,L,black,red,False,L1,1,L,2,1052.787,1053.787,1055.361,1055.787,1057.02,1057.787,1059.787
DEMO,experimental,3.0,W,red,red,True,W1,1,W,8,1064.645,1065.645,1068.303,1067.645,1069.467,1069.645,1071.645
DEMO,experimental,4.0,L,red,black,False,L1,1,L,8,1073.71,1074.71,1076.0,1076.71,1077.484,1078.71,1080.71
DEMO,experimental,5.0,W,red,black,True,W1,1,W,4,1084.99,1085.99,1088.805,1087.99,1089.613,1089.99,1091.99
DEMO,experimental,6.0,L,black,black,False,L1,1,L,1,1096.154,1097.154,1099.33,1099.154,1100.726,1101.154,1103.154
DEMO,experimental,7.0,L,black,black,False,L2,2,L,4,1103.157,1104.157,1106.103,1106.157,1106.948,1108.157,1110.157
DEMO,experimental,8.0,W,black,red,True,W1,1,W,1,1112.313,1113.313,1116.268,1115.313,1116.67,1117.313,1119.313
DEMO,experimental,9.0,W,black,black,True,W2,2,W,4,1118.351,1119.351,1120.651,1121.351,1122.133,1123.351,1125.351
DEMO,experimental,10.0,L,black,black,False,L1,1,L,4,1128.387,1129.387,1131.392,1131.387,1133.33,1133.387,1135.387
DEMO,experimental,11.0,L,black,black,False,L2,2,L,2,1134.82,1135.82,1137.29,1137.82,1138.414,1139.82,1141.82
DEMO,experimental,12.0,L,red,red,False,L3,3,L,2,1145.175,1146.175,1148.859,1148.175,1149.384,1150.175,1152.175
DEMO,experimental,13.0,W,black,black,True,W1,1,W,2,1156.651,1157.651,1158.335,1159.651,1160.257,1161.651,1163.651
DEMO,experimental,14.0,W,red,black,True,W2,2,W,2,1167.864,1168.864,1169.773,1170.864,1172.375,1172.864,1174.864
DEMO,experimental,15.0,W,red,red,True,W3,3,W,4,1175.772,1176.772,1179.247,1178.772,1179.412,1180.772,1182.772
DEMO,experimental,16.0,L,black,black,False,L1,1,L,8,1185.245,1186.245,1187.967,1188.245,1190.228,1190.245,1192.245
DEMO,experimental,17.0,W,red,black,True,W1,1,W,4,1192.343,1193.343,1195.876,1195.343,1196.747,1197.343,1199.343
DEMO,experimental,18.0,W,red,black,True,W2,2,W,1,1202.273,1203.273,1205.861,1205.273,1206.346,1207.273,1209.273
DEMO,experimental,19.0,W,red,black,True,W3,3,W,1,1210.227,1211.227,1212.783,1213.227,1215.043,1215.227,1217.227
DEMO,experimental,20.0,W,red,red,True,W4,4,W,8,1216.748,1217.748,1220.245,1219.748,1220.731,1221.748,1223.748
DEMO,experimental,21.0,L,red,red,False,L1,1,L,4,1227.527,1228.527,1230.381,1230.527,1231.196,1232.527,1234.527
DEMO,experimental,22.0,L,red,red,False,L2,2,L,4,1235.969,1236.969,1239.599,1238.969,1239.677,1240.969,1242.969
DEMO,experimental,23.0,W,red,black,True,W1,1,W,1,1246.192,1247.192,1248.752,1249.192,1251.161,1251.192,1253.192
DEMO,experimental,24.0,W,black,black,True,W2,2,W,8,1258.036,1259.036,1261.82,1261.036,1262.25,1263.036,1265.036
DEMO,experimental,25.0,W,black,red,True,W3,3,W,2,1269.218,1270.218,1272.145,1272.218,1272.859,1274.218,1276.218
DEMO,experimental,26.0,L,black,red,False,L1,1,L,2,1277.567,1278.567,1280.138,1280.567,1281.702,1282.567,1284.567
DEMO,experimental,27.0,L,red,black,False,L2,2,L,2,1287.084,1288.084,1290.644,1290.084,1291.93,1292.084,1294.084
DEMO,experimental,28.0,L,black,red,False,L3,3,L,4,1296.584,1297.584,1299.507,1299.584,1301.323,1301.584,1303.584
DEMO,experimental,29.0,W,black,black,True,W1,1,W,2,1305.777,1306.777,1307.705,1308.777,1309.865,1310.777,1312.777
DEMO,experimental,30.0,L,red,black,False,L1,1,L,4,1316.296,1317.296,1318.114,1319.296,1320.885,1321.296,1323.296
DEMO,experimental,31.0,L,black,black,False,L2,2,L,1,1323.976,1324.976,1326.687,1326.976,1328.824,1328.976,1330.976
DEMO,experimental,32.0,W,black,red,True,W1,1,W,2,1330.492,1331.492,1332.431,1333.492,1335.004,1335.492,1337.492
DEMO,experimental,33.0,L,black,black,False,L1,1,L,2,1338.669,1339.669,1341.45,1341.669,1342.205,1343.669,1345.669
DEMO,experimental,34.0,W,red,red,True,W1,1,W,8,1345.649,1346.649,1348.541,1348.649,1349.483,1350.649,1352.649
DEMO,experimental,35.0,L,red,black,False,L1,1,L,2,1354.996,1355.996,1358.111,1357.996,1359.413,1359.996,1361.996
DEMO,experimental,36.0,L,black,red,False,L2,2,L,4,1361.438,1362.438,1363.924,1364.438,1366.426,1366.438,1368.438
DEMO,experimental,37.0,L,red,black,False,L3,3,L,4,1372.981,1373.981,1374.822,1375.981,1376.949,1377.981,1379.981
DEMO,experimental,38.0,W,black,red,True,W1,1,W,2,1383.276,1384.276,1385.373,1386.276,1388.009,1388.276,1390.276
DEMO,experimental,39.0,L,black,red,False,L1,1,L,1,1392.786,1393.786,1394.331,1395.786,1397.156,1397.786,1399.786
DEMO,experimental,40.0,W,red,black,True,W1,1,W,1,1399.933,1400.933,1402.563,1402.933,1404.025,1404.933,1406.933
